Mouse ID,Timepoint,Tumor Volume (mm3),Metastatic Sites,Drug Regimen,Sex,Age_months,Weight (g)
b128,0,45.0,0,Capomulin,Female,9,22
b128,5,45.65133131,0,Capomulin,Female,9,22
b128,10,43.2708519,0,Capomulin,Female,9,22
b128,15,43.78489343,0,Capomulin,Female,9,22
b128,20,42.731552,0,Capomulin,Female,9,22
b128,25,43.26214483,1,Capomulin,Female,9,22
b128,30,40.60533486,1,Capomulin,Female,9,22
b128,35,37.96764437,1,Capomulin,Female,9,22
b128,40,38.3797259,2,Capomulin,Female,9,22
b128,45,38.98287774,2,Capomulin,Female,9,22
c326,0,45.0,0,Infubinol,Female,18,25
c326,5,36.3213458,0,Infubinol,Female,18,25
c139,0,45.0,0,Infubinol,Male,11,28
c139,5,48.75311208,0,Infubinol,Male,11,28
c139,10,49.99295391,0,Infubinol,Male,11,28
c139,15,51.8332246,0,Infubinol,Male,11,28
c139,20,56.74200681,0,Infubinol,Male,11,28
c139,25,61.46196976,0,Infubinol,Male,11,28
c139,30,64.14987077,1,Infubinol,Male,11,28
c139,35,67.82141969,1,Infubinol,Male,11,28
c139,40,69.42814095,2,Infubinol,Male,11,28
c139,45,72.2267309,2,Infubinol,Male,11,28
v339,0,45.0,0,Infubinol,Male,20,26
v339,5,46.25011212,0,Infubinol,Male,20,26
a577,0,45.0,0,Infubinol,Female,6,25
a577,5,46.1977199,1,Infubinol,Female,6,25
a577,10,49.5096389,1,Infubinol,Female,6,25
a577,15,50.91500662,2,Infubinol,Female,6,25
a577,20,52.36518457,2,Infubinol,Female,6,25
a577,25,54.38093154,2,Infubinol,Female,6,25
a577,30,57.03186187,2,Infubinol,Female,6,25
y163,0,45.0,0,Infubinol,Female,17,27
y163,5,48.28497016,0,Infubinol,Female,17,27
y163,10,49.1123991,1,Infubinol,Female,17,27
y163,15,51.52306843,1,Infubinol,Female,17,27
y163,20,54.57107607,1,Infubinol,Female,17,27
y163,25,56.17638452,1,Infubinol,Female,17,27
y163,30,59.41253724,2,Infubinol,Female,17,27
y163,35,61.73019562,2,Infubinol,Female,17,27
y163,40,63.62067958,2,Infubinol,Female,17,27
y163,45,67.68556862,3,Infubinol,Female,17,27
k483,0,45.0,0,Infubinol,Female,20,30
k483,5,46.61105571,0,Infubinol,Female,20,30
k483,10,50.29604123,1,Infubinol,Female,20,30
k483,15,53.24445813,1,Infubinol,Female,20,30
k483,20,54.77896052,1,Infubinol,Female,20,30
k483,25,57.43200731,2,Infubinol,Female,20,30
k483,30,59.74707708,2,Infubinol,Female,20,30
k483,35,60.54156159,2,Infubinol,Female,20,30
k483,40,64.13872489,3,Infubinol,Female,20,30
k483,45,66.19691151,3,Infubinol,Female,20,30
k804,0,45.0,0,Infubinol,Female,23,29
k804,5,48.26620364,0,Infubinol,Female,23,29
k804,10,49.47124419,0,Infubinol,Female,23,29
k804,15,50.47761824,0,Infubinol,Female,23,29
k804,20,54.48451945,0,Infubinol,Female,23,29
k804,25,55.67480798,1,Infubinol,Female,23,29
k804,30,59.24061511,2,Infubinol,Female,23,29
k804,35,62.11727887,2,Infubinol,Female,23,29
o809,0,45.0,0,Infubinol,Male,3,25
o809,5,46.87724316,0,Infubinol,Male,3,25
o809,10,48.6707318,0,Infubinol,Male,3,25
o809,15,49.68344504,1,Infubinol,Male,3,25
o809,20,50.33655288,1,Infubinol,Male,3,25
o809,25,52.31817407,1,Infubinol,Male,3,25
o809,30,54.8326288,1,Infubinol,Male,3,25
o809,35,55.62942846,1,Infubinol,Male,3,25
z581,0,45.0,0,Infubinol,Female,24,25
z581,5,49.27309187,1,Infubinol,Female,24,25
z581,10,50.47875016,2,Infubinol,Female,24,25
z581,15,51.1963042,2,Infubinol,Female,24,25
z581,20,51.80794416,2,Infubinol,Female,24,25
z581,25,54.31640682,2,Infubinol,Female,24,25
z581,30,56.28674991,2,Infubinol,Female,24,25
z581,35,58.62839878,3,Infubinol,Female,24,25
z581,40,60.05373963,3,Infubinol,Female,24,25
z581,45,62.75445141,3,Infubinol,Female,24,25
a251,0,45.0,0,Infubinol,Female,21,25
a251,5,46.98212719,0,Infubinol,Female,21,25
a251,10,48.59117901,1,Infubinol,Female,21,25
a251,15,50.53445603,1,Infubinol,Female,21,25
a251,20,54.46259376,1,Infubinol,Female,21,25
a251,25,57.4146457,1,Infubinol,Female,21,25
a251,30,59.86124129,1,Infubinol,Female,21,25
a251,35,60.90388455,1,Infubinol,Female,21,25
a251,40,63.09507565,1,Infubinol,Female,21,25
a251,45,65.52574285,1,Infubinol,Female,21,25
i386,0,45.0,0,Infubinol,Female,23,29
i386,5,46.85369669,1,Infubinol,Female,23,29
i386,10,49.86154739,2,Infubinol,Female,23,29
i386,15,51.73656088,2,Infubinol,Female,23,29
i386,20,55.08772445,2,Infubinol,Female,23,29
i386,25,56.68786392,3,Infubinol,Female,23,29
i386,30,59.13364029,3,Infubinol,Female,23,29
i386,35,64.92542037,3,Infubinol,Female,23,29
i386,40,67.28962147,4,Infubinol,Female,23,29
q132,0,45.0,0,Infubinol,Female,1,30
q132,5,46.7163985,1,Infubinol,Female,1,30
q132,10,47.95384377,2,Infubinol,Female,1,30
q132,15,49.15974862,3,Infubinol,Female,1,30
q132,20,51.90902494,4,Infubinol,Female,1,30
q132,25,52.7804893,4,Infubinol,Female,1,30
q132,30,54.65654872,4,Infubinol,Female,1,30
c458,0,45.0,0,Ramicane,Female,23,20
c458,5,45.72227949,0,Ramicane,Female,23,20
c458,10,44.45437828,1,Ramicane,Female,23,20
c458,15,45.10742313,2,Ramicane,Female,23,20
c458,20,39.50513508,2,Ramicane,Female,23,20
c458,25,37.75314964,2,Ramicane,Female,23,20
c458,30,38.34200823,2,Ramicane,Female,23,20
q610,0,45.0,0,Ramicane,Female,18,21
q610,5,45.62949421,0,Ramicane,Female,18,21
q610,10,44.99148471,0,Ramicane,Female,18,21
q610,15,45.88902756,0,Ramicane,Female,18,21
q610,20,46.58543347,0,Ramicane,Female,18,21
q610,25,40.14645019,0,Ramicane,Female,18,21
q610,30,40.66834256,1,Ramicane,Female,18,21
q610,35,36.56165229,2,Ramicane,Female,18,21
j913,0,45.0,0,Ramicane,Female,4,17
j913,5,44.01490022,0,Ramicane,Female,4,17
j913,10,44.49716216,0,Ramicane,Female,4,17
j913,15,45.25253427,0,Ramicane,Female,4,17
j913,20,42.16834132,0,Ramicane,Female,4,17
j913,25,37.86066936,0,Ramicane,Female,4,17
j913,30,34.75724046,0,Ramicane,Female,4,17
j913,35,35.17014843,0,Ramicane,Female,4,17
j913,40,31.00186078,1,Ramicane,Female,4,17
j913,45,31.56046955,1,Ramicane,Female,4,17
a411,0,45.0,0,Ramicane,Male,3,22
a411,5,45.46667714,0,Ramicane,Male,3,22
a411,10,40.75978762,1,Ramicane,Male,3,22
a411,15,41.48416885,1,Ramicane,Male,3,22
a411,20,38.08737318,1,Ramicane,Male,3,22
a411,25,38.7014384,1,Ramicane,Male,3,22
a411,30,39.13073724,1,Ramicane,Male,3,22
a411,35,39.71723589,1,Ramicane,Male,3,22
a411,40,40.25881765,1,Ramicane,Male,3,22
a411,45,38.4076183,1,Ramicane,Male,3,22
a444,0,45.0,0,Ramicane,Female,10,25
a444,5,44.00597487,0,Ramicane,Female,10,25
a444,10,44.51255951,0,Ramicane,Female,10,25
a444,15,43.00127957,0,Ramicane,Female,10,25
a444,20,41.71461874,0,Ramicane,Female,10,25
a444,25,42.29139437,0,Ramicane,Female,10,25
a444,30,42.78627835,0,Ramicane,Female,10,25
a444,35,41.73595083,0,Ramicane,Female,10,25
a444,40,42.50492554,0,Ramicane,Female,10,25
a444,45,43.0475426,0,Ramicane,Female,10,25
d251,0,45.0,0,Ramicane,Female,8,19
d251,5,41.74635495,1,Ramicane,Female,8,19
d251,10,42.43225791,1,Ramicane,Female,8,19
d251,15,39.47278744,1,Ramicane,Female,8,19
d251,20,37.65209085,1,Ramicane,Female,8,19
d251,25,38.09751328,1,Ramicane,Female,8,19
d251,30,38.71825638,2,Ramicane,Female,8,19
d251,35,37.70852942,2,Ramicane,Female,8,19
d251,40,38.26540379,2,Ramicane,Female,8,19
d251,45,37.31123552,2,Ramicane,Female,8,19
j989,0,45.0,0,Ramicane,Male,8,19
j989,5,45.62071835,1,Ramicane,Male,8,19
j989,10,46.34383237,1,Ramicane,Male,8,19
j989,15,41.12835439,1,Ramicane,Male,8,19
j989,20,41.63534426,1,Ramicane,Male,8,19
j989,25,39.93411249,1,Ramicane,Male,8,19
j989,30,34.67178107,1,Ramicane,Male,8,19
j989,35,35.1155898,1,Ramicane,Male,8,19
j989,40,35.50119014,1,Ramicane,Male,8,19
j989,45,36.13485243,1,Ramicane,Male,8,19
y449,0,45.0,0,Ramicane,Male,19,24
y449,5,45.87754494,0,Ramicane,Male,19,24
y449,10,46.37809248,0,Ramicane,Male,19,24
y449,15,44.18345092,0,Ramicane,Male,19,24
k403,0,45.0,0,Ramicane,Male,21,16
k403,5,38.82589807,0,Ramicane,Male,21,16
k403,10,35.01427146,1,Ramicane,Male,21,16
k403,15,34.22399174,1,Ramicane,Male,21,16
k403,20,32.99772858,1,Ramicane,Male,21,16
k403,25,33.46457735,1,Ramicane,Male,21,16
k403,30,31.09949753,1,Ramicane,Male,21,16
k403,35,26.54699343,1,Ramicane,Male,21,16
k403,40,24.36550471,1,Ramicane,Male,21,16
k403,45,22.05012627,1,Ramicane,Male,21,16
c758,0,45.0,0,Ramicane,Male,9,17
c758,5,45.5786783,0,Ramicane,Male,9,17
c758,10,46.28799223,0,Ramicane,Male,9,17
c758,15,46.94094512,1,Ramicane,Male,9,17
c758,20,43.1263114,1,Ramicane,Male,9,17
c758,25,43.6022673,1,Ramicane,Male,9,17
c758,30,44.11827028,1,Ramicane,Male,9,17
c758,35,37.80238546,1,Ramicane,Male,9,17
c758,40,32.83318858,1,Ramicane,Male,9,17
c758,45,33.39765251,1,Ramicane,Male,9,17
r811,0,45.0,0,Ramicane,Male,9,19
r811,5,45.62580225,0,Ramicane,Male,9,19
r811,10,39.453903,0,Ramicane,Male,9,19
r811,15,40.02229235,0,Ramicane,Male,9,19
r811,20,40.7728027,0,Ramicane,Male,9,19
r811,25,37.61401068,0,Ramicane,Male,9,19
r811,30,38.24206639,0,Ramicane,Male,9,19
r811,35,36.00302016,1,Ramicane,Male,9,19
r811,40,36.5200329,1,Ramicane,Male,9,19
r811,45,37.22565033,1,Ramicane,Male,9,19
a644,0,45.0,0,Ramicane,Female,7,17
a644,5,45.55015754,0,Ramicane,Female,7,17
a644,10,46.38071258,0,Ramicane,Female,7,17
a644,15,46.91089166,0,Ramicane,Female,7,17
a644,20,45.86506461,0,Ramicane,Female,7,17
a644,25,41.48122408,0,Ramicane,Female,7,17
a644,30,37.21112063,0,Ramicane,Female,7,17
a644,35,35.12863083,0,Ramicane,Female,7,17
a644,40,35.77945086,0,Ramicane,Female,7,17
a644,45,32.97852192,1,Ramicane,Female,7,17
i177,0,45.0,0,Ramicane,Male,10,18
i177,5,44.06539783,0,Ramicane,Male,10,18
i177,10,41.02092924,0,Ramicane,Male,10,18
i177,15,40.33093479,0,Ramicane,Male,10,18
i177,20,35.34536136,0,Ramicane,Male,10,18
i177,25,34.0821803,1,Ramicane,Male,10,18
i177,30,34.71147302,1,Ramicane,Male,10,18
i177,35,35.1521662,1,Ramicane,Male,10,18
i177,40,35.55793279,2,Ramicane,Male,10,18
i177,45,33.56240217,3,Ramicane,Male,10,18
g791,0,45.0,0,Ramicane,Male,11,16
g791,5,45.85153062,0,Ramicane,Male,11,16
g791,10,40.17055848,0,Ramicane,Male,11,16
g791,15,40.67812852,0,Ramicane,Male,11,16
g791,20,41.211897,0,Ramicane,Male,11,16
g791,25,35.56939935,1,Ramicane,Male,11,16
g791,30,34.95258284,1,Ramicane,Male,11,16
g791,35,30.96039194,1,Ramicane,Male,11,16
g791,40,31.36940573,1,Ramicane,Male,11,16
g791,45,29.12847181,1,Ramicane,Male,11,16
a520,0,45.0,0,Ramicane,Male,13,21
a520,5,38.72370695,0,Ramicane,Male,13,21
a520,10,36.42938781,0,Ramicane,Male,13,21
a520,15,35.590254,0,Ramicane,Male,13,21
a520,20,35.94774514,0,Ramicane,Male,13,21
a520,25,36.55858129,1,Ramicane,Male,13,21
a520,30,36.94770981,1,Ramicane,Male,13,21
a520,35,37.62471026,1,Ramicane,Male,13,21
a520,40,38.25972497,1,Ramicane,Male,13,21
a520,45,38.81036633,1,Ramicane,Male,13,21
u196,0,45.0,0,Ramicane,Male,18,25
u196,5,45.55746444,1,Ramicane,Male,18,25
u196,10,46.42294306,1,Ramicane,Male,18,25
u196,15,47.22717065,1,Ramicane,Male,18,25
u196,20,46.10536303,1,Ramicane,Male,18,25
u196,25,46.7053254,1,Ramicane,Male,18,25
u196,30,47.62281636,2,Ramicane,Male,18,25
u196,35,47.00146542,2,Ramicane,Male,18,25
u196,40,43.45368679,2,Ramicane,Male,18,25
u196,45,40.66771292,3,Ramicane,Male,18,25
m546,0,45.0,0,Ramicane,Male,18,16
m546,5,42.99887638,0,Ramicane,Male,18,16
m546,10,43.74822357,0,Ramicane,Male,18,16
m546,15,39.89743533,0,Ramicane,Male,18,16
m546,20,36.71229535,0,Ramicane,Male,18,16
m546,25,37.44444543,0,Ramicane,Male,18,16
m546,30,37.96993365,0,Ramicane,Male,18,16
m546,35,38.62753581,1,Ramicane,Male,18,16
m546,40,35.1145752,1,Ramicane,Male,18,16
m546,45,30.56462509,1,Ramicane,Male,18,16
w678,0,45.0,0,Ramicane,Female,5,24
w678,5,43.16637266,0,Ramicane,Female,5,24
n364,0,45.0,0,Ramicane,Male,4,17
n364,5,45.52187471,0,Ramicane,Male,4,17
n364,10,40.3751382,0,Ramicane,Male,4,17
n364,15,36.94027399,0,Ramicane,Male,4,17
n364,20,37.4788685,0,Ramicane,Male,4,17
n364,25,33.20500824,0,Ramicane,Male,4,17
n364,30,33.817758,0,Ramicane,Male,4,17
n364,35,34.48752204,1,Ramicane,Male,4,17
n364,40,34.95473311,1,Ramicane,Male,4,17
n364,45,31.09533505,1,Ramicane,Male,4,17
s508,0,45.0,0,Ramicane,Male,1,17
s508,5,38.71187185,0,Ramicane,Male,1,17
s508,10,34.8509979,0,Ramicane,Male,1,17
s508,15,35.27690634,0,Ramicane,Male,1,17
s508,20,35.92865083,0,Ramicane,Male,1,17
s508,25,36.33856894,0,Ramicane,Male,1,17
s508,30,35.47402235,0,Ramicane,Male,1,17
s508,35,35.8461407,0,Ramicane,Male,1,17
s508,40,32.79817119,0,Ramicane,Male,1,17
s508,45,30.27623175,0,Ramicane,Male,1,17
e662,0,45.0,0,Ramicane,Male,8,24
e662,5,45.81628252,0,Ramicane,Male,8,24
e662,10,46.40908385,0,Ramicane,Male,8,24
e662,15,43.55377339,0,Ramicane,Male,8,24
e662,20,44.0012958,0,Ramicane,Male,8,24
e662,25,44.66459432,1,Ramicane,Male,8,24
e662,30,45.35023242,1,Ramicane,Male,8,24
e662,35,43.22027636,1,Ramicane,Male,8,24
e662,40,44.00672385,2,Ramicane,Male,8,24
e662,45,40.65900627,2,Ramicane,Male,8,24
z578,0,45.0,0,Ramicane,Male,11,16
z578,5,42.18878662,0,Ramicane,Male,11,16
z578,10,42.95211843,0,Ramicane,Male,11,16
z578,15,38.68851607,0,Ramicane,Male,11,16
z578,20,36.89001635,0,Ramicane,Male,11,16
z578,25,37.41411419,0,Ramicane,Male,11,16
z578,30,37.81593487,0,Ramicane,Male,11,16
z578,35,38.50482444,0,Ramicane,Male,11,16
z578,40,34.02209336,0,Ramicane,Male,11,16
z578,45,30.63869575,0,Ramicane,Male,11,16
r921,0,45.0,0,Ramicane,Female,5,25
r921,5,45.56821083,0,Ramicane,Female,5,25
r921,10,42.71192694,0,Ramicane,Female,5,25
r921,15,43.52726054,0,Ramicane,Female,5,25
r921,20,44.13631588,0,Ramicane,Female,5,25
r921,25,42.65534089,1,Ramicane,Female,5,25
r921,30,43.41938077,1,Ramicane,Female,5,25
v719,0,45.0,0,Infubinol,Female,17,30
v719,5,47.18836325,0,Infubinol,Female,17,30
v719,10,51.49705412,1,Infubinol,Female,17,30
v719,15,52.60910758,1,Infubinol,Female,17,30
v719,20,54.04860769,1,Infubinol,Female,17,30
q597,0,45.0,0,Ramicane,Male,20,25
q597,5,45.76611104,0,Ramicane,Male,20,25
q597,10,42.53798598,0,Ramicane,Male,20,25
q597,15,41.39566036,0,Ramicane,Male,20,25
q597,20,41.9255866,0,Ramicane,Male,20,25
q597,25,42.57570709,1,Ramicane,Male,20,25
q597,30,43.33916123,1,Ramicane,Male,20,25
q597,35,43.80720142,1,Ramicane,Male,20,25
q597,40,44.47182121,2,Ramicane,Male,20,25
q597,45,45.22086888,2,Ramicane,Male,20,25
c895,0,45.0,0,Infubinol,Female,7,29
c895,5,45.47754399,0,Infubinol,Female,7,29
c895,10,49.77901542,0,Infubinol,Female,7,29
c895,15,52.94946474,1,Infubinol,Female,7,29
c895,20,53.6768396,2,Infubinol,Female,7,29
c895,25,57.53419288,2,Infubinol,Female,7,29
c895,30,60.96971133,2,Infubinol,Female,7,29
a203,0,45.0,0,Infubinol,Female,20,23
a203,5,48.5084684,0,Infubinol,Female,20,23
a203,10,51.8524372,1,Infubinol,Female,20,23
a203,15,52.7778705,1,Infubinol,Female,20,23
a203,20,55.17333648,1,Infubinol,Female,20,23
a203,25,56.79320832,1,Infubinol,Female,20,23
a203,30,59.52319728,1,Infubinol,Female,20,23
a203,35,61.93165007,2,Infubinol,Female,20,23
a203,40,63.59349002,2,Infubinol,Female,20,23
a203,45,67.97341878,2,Infubinol,Female,20,23
x822,0,45.0,0,Ceftamin,Male,3,29
x822,5,45.67110442,1,Ceftamin,Male,3,29
x822,10,48.98371668,1,Ceftamin,Male,3,29
x822,15,49.69466533,1,Ceftamin,Male,3,29
x822,20,51.91490968,2,Ceftamin,Male,3,29
x822,25,54.04133326,2,Ceftamin,Male,3,29
x822,30,55.44515483,2,Ceftamin,Male,3,29
x822,35,56.79656665,2,Ceftamin,Male,3,29
x822,40,59.55568466,2,Ceftamin,Male,3,29
x822,45,61.38666032,3,Ceftamin,Male,3,29
l558,0,45.0,0,Ceftamin,Female,13,30
l558,5,45.80908882,0,Ceftamin,Female,13,30
l558,10,46.78453491,0,Ceftamin,Female,13,30
l733,0,45.0,0,Ceftamin,Female,4,30
l733,5,46.17422627,0,Ceftamin,Female,4,30
l733,10,48.35495154,0,Ceftamin,Female,4,30
l733,15,49.28519504,0,Ceftamin,Female,4,30
l733,20,53.24431157,1,Ceftamin,Female,4,30
l733,25,54.95166826,1,Ceftamin,Female,4,30
l733,30,56.31906537,1,Ceftamin,Female,4,30
l733,35,57.60079774,1,Ceftamin,Female,4,30
l733,40,59.4435065,1,Ceftamin,Female,4,30
l733,45,64.29983003,1,Ceftamin,Female,4,30
f436,0,45.0,0,Ceftamin,Female,3,25
f436,5,46.37079759,1,Ceftamin,Female,3,25
f436,10,48.14697758,2,Ceftamin,Female,3,25
f436,15,48.72207785,2,Ceftamin,Female,3,25
l490,0,45.0,0,Ceftamin,Male,24,26
l490,5,45.61253918,1,Ceftamin,Male,24,26
l490,10,47.25960594,1,Ceftamin,Male,24,26
l490,15,50.52481268,1,Ceftamin,Male,24,26
l490,20,51.90544699,1,Ceftamin,Male,24,26
l490,25,55.81003359,2,Ceftamin,Male,24,26
l490,30,57.91838132,3,Ceftamin,Male,24,26
b759,0,45.0,0,Ceftamin,Female,12,25
b759,5,48.00919049,0,Ceftamin,Female,12,25
b759,10,49.13335499,0,Ceftamin,Female,12,25
b759,15,51.58779906,0,Ceftamin,Female,12,25
b759,20,54.44303502,0,Ceftamin,Female,12,25
b759,25,55.08363235,0,Ceftamin,Female,12,25
b759,30,55.74282869,1,Ceftamin,Female,12,25
l471,0,45.0,0,Ceftamin,Female,7,28
l471,5,46.25187204,0,Ceftamin,Female,7,28
l471,10,48.18206306,0,Ceftamin,Female,7,28
l471,15,49.40687901,0,Ceftamin,Female,7,28
l471,20,52.22832698,0,Ceftamin,Female,7,28
l471,25,52.84755893,1,Ceftamin,Female,7,28
l471,30,58.09360446,1,Ceftamin,Female,7,28
l471,35,61.40599916,1,Ceftamin,Female,7,28
l471,40,63.84485785,1,Ceftamin,Female,7,28
l471,45,67.74866174,1,Ceftamin,Female,7,28
y865,0,45.0,0,Ceftamin,Male,23,26
y865,5,46.73500592,1,Ceftamin,Male,23,26
y865,10,49.52273955,1,Ceftamin,Male,23,26
y865,15,50.80651856,1,Ceftamin,Male,23,26
y865,20,52.36198241,1,Ceftamin,Male,23,26
y865,25,57.17353846,2,Ceftamin,Male,23,26
y865,30,59.0332753,3,Ceftamin,Male,23,26
y865,35,61.15313991,3,Ceftamin,Male,23,26
y865,40,63.46954946,3,Ceftamin,Male,23,26
y865,45,64.72983655,3,Ceftamin,Male,23,26
y769,0,45.0,0,Ceftamin,Female,6,27
y769,5,46.42265176,1,Ceftamin,Female,6,27
y769,10,48.01516261,1,Ceftamin,Female,6,27
y769,15,52.76102114,2,Ceftamin,Female,6,27
y769,20,55.02572434,2,Ceftamin,Female,6,27
y769,25,58.33595901,3,Ceftamin,Female,6,27
y769,30,61.07194886,3,Ceftamin,Female,6,27
y769,35,63.43063221,3,Ceftamin,Female,6,27
y769,40,64.25102761,4,Ceftamin,Female,6,27
y769,45,68.59474498,4,Ceftamin,Female,6,27
l661,0,45.0,0,Ceftamin,Male,18,26
l661,5,46.26879904,0,Ceftamin,Male,18,26
l661,10,49.68361956,0,Ceftamin,Male,18,26
l661,15,50.94754484,1,Ceftamin,Male,18,26
l661,20,52.61749003,1,Ceftamin,Male,18,26
l661,25,53.18065678,2,Ceftamin,Male,18,26
l661,30,55.32909936,2,Ceftamin,Male,18,26
l661,35,56.47412871,2,Ceftamin,Male,18,26
l661,40,59.20566876,3,Ceftamin,Male,18,26
l661,45,59.85195552,3,Ceftamin,Male,18,26
j296,0,45.0,0,Ceftamin,Female,24,30
j296,5,46.79925591,1,Ceftamin,Female,24,30
j296,10,48.52997762,2,Ceftamin,Female,24,30
j296,15,50.70127959,2,Ceftamin,Female,24,30
j296,20,54.00534209,3,Ceftamin,Female,24,30
j296,25,55.76714817,3,Ceftamin,Female,24,30
j296,30,56.80306121,3,Ceftamin,Female,24,30
j296,35,58.71448296,3,Ceftamin,Female,24,30
j296,40,60.07268848,3,Ceftamin,Female,24,30
j296,45,61.84902336,3,Ceftamin,Female,24,30
u149,0,45.0,0,Ceftamin,Male,24,29
u149,5,45.79206792,0,Ceftamin,Male,24,29
u149,10,47.40483439,0,Ceftamin,Male,24,29
u149,15,48.52237343,0,Ceftamin,Male,24,29
u149,20,50.37805789,0,Ceftamin,Male,24,29
u149,25,52.92534846,0,Ceftamin,Male,24,29
u153,0,45.0,0,Ceftamin,Female,11,25
w151,0,45.0,0,Ceftamin,Male,24,25
w151,5,45.54607595,1,Ceftamin,Male,24,25
w151,10,46.50147609,1,Ceftamin,Male,24,25
w151,15,47.24292865,1,Ceftamin,Male,24,25
w151,20,49.55426295,2,Ceftamin,Male,24,25
w151,25,51.8690587,2,Ceftamin,Male,24,25
w151,30,56.76715821,2,Ceftamin,Male,24,25
w151,35,58.33914095,2,Ceftamin,Male,24,25
w151,40,62.18795039,2,Ceftamin,Male,24,25
w151,45,67.52748237,3,Ceftamin,Male,24,25
h531,0,45.0,0,Ceftamin,Male,5,27
h531,5,47.7846818,0,Ceftamin,Male,5,27
a685,0,45.0,0,Infubinol,Male,8,30
a685,5,46.87048256,0,Infubinol,Male,8,30
a685,10,47.66475264,0,Infubinol,Male,8,30
a685,15,48.95147442,0,Infubinol,Male,8,30
a685,20,49.49055902,0,Infubinol,Male,8,30
a685,25,51.93995092,0,Infubinol,Male,8,30
a685,30,55.45385519,1,Infubinol,Male,8,30
a685,35,58.09262925,1,Infubinol,Male,8,30
a685,40,60.56790371,2,Infubinol,Male,8,30
a685,45,66.08306589,3,Infubinol,Male,8,30
o813,0,45.0,0,Infubinol,Male,24,28
o813,5,45.69933088,0,Infubinol,Male,24,28
m756,0,45.0,0,Infubinol,Male,19,30
m756,5,47.01036401,1,Infubinol,Male,19,30
n671,0,45.0,0,Infubinol,Male,18,25
n671,5,47.35388938,0,Infubinol,Male,18,25
n671,10,51.03935653,0,Infubinol,Male,18,25
n671,15,54.21606411,0,Infubinol,Male,18,25
n671,20,54.82252091,0,Infubinol,Male,18,25
n671,25,56.17445785,0,Infubinol,Male,18,25
n671,30,60.16518046,0,Infubinol,Male,18,25
s121,0,45.0,0,Infubinol,Male,23,26
s121,5,45.63566174,1,Infubinol,Male,23,26
s121,10,49.04883479,1,Infubinol,Male,23,26
s121,15,50.82456031,2,Infubinol,Male,23,26
s121,20,52.0050659,2,Infubinol,Male,23,26
s121,25,55.65068132,2,Infubinol,Male,23,26
v766,0,45.0,0,Infubinol,Male,16,27
v766,5,48.15125091,1,Infubinol,Male,16,27
v766,10,50.36310988,1,Infubinol,Male,16,27
v766,15,51.54243058,1,Infubinol,Male,16,27
w193,0,45.0,0,Infubinol,Male,22,30
w193,5,45.49385802,0,Infubinol,Male,22,30
w193,10,48.34655046,0,Infubinol,Male,22,30
w193,15,49.38557373,0,Infubinol,Male,22,30
w193,20,50.00513807,0,Infubinol,Male,22,30
e476,0,45.0,0,Infubinol,Male,23,26
e476,5,47.11180113,0,Infubinol,Male,23,26
e476,10,49.43168536,0,Infubinol,Male,23,26
e476,15,54.04621267,0,Infubinol,Male,23,26
e476,20,55.24927296,0,Infubinol,Male,23,26
e476,25,57.408638,0,Infubinol,Male,23,26
e476,30,57.99279743,1,Infubinol,Male,23,26
e476,35,60.0643402,1,Infubinol,Male,23,26
e476,40,61.52527583,1,Infubinol,Male,23,26
e476,45,62.43540402,1,Infubinol,Male,23,26
w584,0,45.0,0,Infubinol,Male,3,29
w584,5,46.05193075,0,Infubinol,Male,3,29
w584,10,47.29850794,0,Infubinol,Male,3,29
w584,15,51.26543971,0,Infubinol,Male,3,29
w584,20,53.32350743,1,Infubinol,Male,3,29
w584,25,55.65083791,1,Infubinol,Male,3,29
w584,30,58.26844248,1,Infubinol,Male,3,29
b447,0,45.0,0,Ceftamin,Male,2,30
k210,0,45.0,0,Ceftamin,Male,15,28
k210,5,47.91899771,0,Ceftamin,Male,15,28
k210,10,49.37993231,0,Ceftamin,Male,15,28
k210,15,51.07355752,0,Ceftamin,Male,15,28
k210,20,51.99761855,0,Ceftamin,Male,15,28
k210,25,54.61397279,0,Ceftamin,Male,15,28
k210,30,59.98950976,1,Ceftamin,Male,15,28
k210,35,63.32933023,1,Ceftamin,Male,15,28
k210,40,66.62283628,2,Ceftamin,Male,15,28
k210,45,68.92318457,3,Ceftamin,Male,15,28
a275,0,45.0,0,Ceftamin,Female,20,28
a275,5,46.79525728,0,Ceftamin,Female,20,28
a275,10,47.37134328,0,Ceftamin,Female,20,28
a275,15,49.73440359,0,Ceftamin,Female,20,28
a275,20,50.51343652,1,Ceftamin,Female,20,28
a275,25,53.57606417,1,Ceftamin,Female,20,28
a275,30,54.44471317,2,Ceftamin,Female,20,28
a275,35,56.35353804,2,Ceftamin,Female,20,28
a275,40,60.92153868,3,Ceftamin,Female,20,28
a275,45,62.99935619,3,Ceftamin,Female,20,28
x581,0,45.0,0,Ceftamin,Female,19,28
x581,5,47.1969266,0,Ceftamin,Female,19,28
x581,10,49.06702788,1,Ceftamin,Female,19,28
x581,15,49.74642744,2,Ceftamin,Female,19,28
x581,20,51.20796943,3,Ceftamin,Female,19,28
x581,25,51.93528318,3,Ceftamin,Female,19,28
x581,30,55.49282602,3,Ceftamin,Female,19,28
x581,35,58.07758293,3,Ceftamin,Female,19,28
x581,40,60.28040549,3,Ceftamin,Female,19,28
x581,45,64.63494887,3,Ceftamin,Female,19,28
x226,0,45.0,0,Ceftamin,Male,23,28
p438,0,45.0,0,Ceftamin,Female,11,26
p438,5,46.82793418,0,Ceftamin,Female,11,26
p438,10,50.51749789,0,Ceftamin,Female,11,26
p438,15,52.19836818,0,Ceftamin,Female,11,26
p438,20,52.90529861,0,Ceftamin,Female,11,26
p438,25,54.51057493,0,Ceftamin,Female,11,26
p438,30,56.40642173,0,Ceftamin,Female,11,26
p438,35,57.53855546,1,Ceftamin,Female,11,26
p438,40,59.30528806,1,Ceftamin,Female,11,26
p438,45,61.43389223,1,Ceftamin,Female,11,26
b487,0,45.0,0,Ceftamin,Female,6,28
b487,5,46.21397739,0,Ceftamin,Female,6,28
b487,10,47.6643871,0,Ceftamin,Female,6,28
b487,15,51.68325586,0,Ceftamin,Female,6,28
b487,20,53.42766344,0,Ceftamin,Female,6,28
b487,25,56.05774909,1,Ceftamin,Female,6,28
o287,0,45.0,0,Ceftamin,Male,2,28
o287,5,45.58680362,0,Ceftamin,Male,2,28
o287,10,47.36020084,1,Ceftamin,Male,2,28
o287,15,48.67945261,1,Ceftamin,Male,2,28
o287,20,50.85614078,2,Ceftamin,Male,2,28
o287,25,52.06848642,3,Ceftamin,Male,2,28
o287,30,54.50300122,3,Ceftamin,Male,2,28
o287,35,55.11829029,4,Ceftamin,Male,2,28
o287,40,57.1971929,4,Ceftamin,Male,2,28
o287,45,59.74190064,4,Ceftamin,Male,2,28
q483,0,45.0,0,Ceftamin,Male,6,26
q483,5,46.77681624,1,Ceftamin,Male,6,26
q483,10,47.8391005,1,Ceftamin,Male,6,26
q483,15,48.4684826,1,Ceftamin,Male,6,26
q483,20,50.2398558,1,Ceftamin,Male,6,26
q483,25,52.43006649,1,Ceftamin,Male,6,26
q483,30,54.95222585,1,Ceftamin,Male,6,26
q483,35,59.25348433,1,Ceftamin,Male,6,26
q483,40,64.19234114,1,Ceftamin,Male,6,26
t573,0,45.0,0,Ceftamin,Female,15,27
f345,0,45.0,0,Infubinol,Male,23,26
f345,5,45.5911466,0,Infubinol,Male,23,26
f345,10,47.22244619,0,Infubinol,Male,23,26
f345,15,48.35223854,0,Infubinol,Male,23,26
f345,20,49.61338303,0,Infubinol,Male,23,26
f345,25,53.0788944,0,Infubinol,Male,23,26
f345,30,54.36379731,1,Infubinol,Male,23,26
f345,35,56.52332726,1,Infubinol,Male,23,26
f345,40,58.3155925,1,Infubinol,Male,23,26
f345,45,60.91876652,1,Infubinol,Male,23,26
i334,0,45.0,0,Ramicane,Female,8,20
i334,5,41.02051821,0,Ramicane,Female,8,20
i334,10,41.63124731,0,Ramicane,Female,8,20
i334,15,39.15800115,0,Ramicane,Female,8,20
i334,20,39.6878317,0,Ramicane,Female,8,20
i334,25,38.24881732,1,Ramicane,Female,8,20
i334,30,39.00555435,1,Ramicane,Female,8,20
i334,35,39.7695521,2,Ramicane,Female,8,20
i334,40,40.44237037,2,Ramicane,Female,8,20
i334,45,36.37451039,2,Ramicane,Female,8,20
j246,0,45.0,0,Capomulin,Female,21,21
j246,5,45.64143788,0,Capomulin,Female,21,21
j246,10,46.4083613,0,Capomulin,Female,21,21
j246,15,43.31265415,0,Capomulin,Female,21,21
j246,20,44.02037009,0,Capomulin,Female,21,21
j246,25,44.55522595,0,Capomulin,Female,21,21
j246,30,38.04408202,1,Capomulin,Female,21,21
j246,35,38.75326548,1,Capomulin,Female,21,21
r554,0,45.0,0,Capomulin,Female,8,17
r554,5,45.78174579,1,Capomulin,Female,8,17
r554,10,39.0054935,2,Capomulin,Female,8,17
r554,15,35.46375763,2,Capomulin,Female,8,17
r554,20,36.01558858,2,Capomulin,Female,8,17
r554,25,33.89334515,3,Capomulin,Female,8,17
r554,30,32.68065459,3,Capomulin,Female,8,17
r554,35,33.06933705,3,Capomulin,Female,8,17
r554,40,31.80484133,3,Capomulin,Female,8,17
r554,45,32.37735684,3,Capomulin,Female,8,17
s185,0,45.0,0,Capomulin,Female,3,17
s185,5,43.87849569,0,Capomulin,Female,3,17
s185,10,37.61494768,0,Capomulin,Female,3,17
s185,15,38.17723195,0,Capomulin,Female,3,17
s185,20,36.86687576,0,Capomulin,Female,3,17
s185,25,33.94994037,0,Capomulin,Female,3,17
s185,30,32.95967078,1,Capomulin,Female,3,17
s185,35,28.32853059,1,Capomulin,Female,3,17
s185,40,25.47214326,1,Capomulin,Female,3,17
s185,45,23.34359787,1,Capomulin,Female,3,17
b742,0,45.0,0,Capomulin,Male,7,21
b742,5,41.53409702,0,Capomulin,Male,7,21
b742,10,41.99922813,0,Capomulin,Male,7,21
b742,15,39.52484301,0,Capomulin,Male,7,21
b742,20,37.95035546,0,Capomulin,Male,7,21
b742,25,38.61768433,0,Capomulin,Male,7,21
b742,30,39.1679495,0,Capomulin,Male,7,21
b742,35,39.84757556,0,Capomulin,Male,7,21
b742,40,38.2556274,0,Capomulin,Male,7,21
b742,45,38.93963263,0,Capomulin,Male,7,21
x401,0,45.0,0,Capomulin,Female,16,15
x401,5,45.47375302,0,Capomulin,Female,16,15
x401,10,39.11389068,0,Capomulin,Female,16,15
x401,15,39.77625003,0,Capomulin,Female,16,15
x401,20,36.06583471,0,Capomulin,Female,16,15
x401,25,36.61712031,0,Capomulin,Female,16,15
x401,30,32.91529186,0,Capomulin,Female,16,15
x401,35,30.20682488,0,Capomulin,Female,16,15
x401,40,28.16739732,0,Capomulin,Female,16,15
x401,45,28.48403281,0,Capomulin,Female,16,15
l509,0,45.0,0,Capomulin,Male,17,21
l509,5,45.85119285,0,Capomulin,Male,17,21
l509,10,46.75907363,0,Capomulin,Male,17,21
l509,15,47.48859931,1,Capomulin,Male,17,21
l509,20,48.07045162,2,Capomulin,Male,17,21
l509,25,44.00625702,2,Capomulin,Male,17,21
l509,30,44.70805473,2,Capomulin,Male,17,21
l509,35,40.2072885,2,Capomulin,Male,17,21
l509,40,40.77081259,2,Capomulin,Male,17,21
l509,45,41.48300765,3,Capomulin,Male,17,21
s710,0,45.0,0,Capomulin,Female,1,23
s710,5,43.1809774,0,Capomulin,Female,1,23
s710,10,43.68802627,0,Capomulin,Female,1,23
s710,15,41.84523536,0,Capomulin,Female,1,23
s710,20,42.62996266,1,Capomulin,Female,1,23
s710,25,43.06040875,1,Capomulin,Female,1,23
s710,30,43.57170323,1,Capomulin,Female,1,23
s710,35,44.16051879,1,Capomulin,Female,1,23
s710,40,40.17192011,1,Capomulin,Female,1,23
s710,45,40.72857787,1,Capomulin,Female,1,23
r157,0,45.0,0,Capomulin,Male,22,25
r157,5,45.59706359,0,Capomulin,Male,22,25
r157,10,46.05960827,0,Capomulin,Male,22,25
r157,15,46.53920617,0,Capomulin,Male,22,25
u364,0,45.0,0,Capomulin,Male,18,17
u364,5,45.76088647,1,Capomulin,Male,18,17
u364,10,46.56841719,2,Capomulin,Male,18,17
u364,15,47.21219992,2,Capomulin,Male,18,17
u364,20,40.34394812,2,Capomulin,Male,18,17
u364,25,35.50361557,2,Capomulin,Male,18,17
u364,30,35.9783344,2,Capomulin,Male,18,17
u364,35,35.45948978,2,Capomulin,Male,18,17
u364,40,36.02413752,2,Capomulin,Male,18,17
u364,45,31.02392294,3,Capomulin,Male,18,17
j119,0,45.0,0,Capomulin,Female,7,23
j119,5,45.83899787,0,Capomulin,Female,7,23
j119,10,46.42536551,0,Capomulin,Female,7,23
j119,15,47.32298428,0,Capomulin,Female,7,23
j119,20,48.15820939,1,Capomulin,Female,7,23
j119,25,42.41716589,1,Capomulin,Female,7,23
j119,30,43.01368114,1,Capomulin,Female,7,23
j119,35,43.76570537,1,Capomulin,Female,7,23
j119,40,44.5850896,1,Capomulin,Female,7,23
j119,45,38.1251644,1,Capomulin,Female,7,23
v923,0,45.0,0,Capomulin,Female,19,21
v923,5,45.70443431,0,Capomulin,Female,19,21
v923,10,39.84822328,0,Capomulin,Female,19,21
v923,15,40.45798877,0,Capomulin,Female,19,21
v923,20,39.64829568,0,Capomulin,Female,19,21
v923,25,40.15641269,1,Capomulin,Female,19,21
v923,30,40.75221626,2,Capomulin,Female,19,21
v923,35,41.43924156,2,Capomulin,Female,19,21
v923,40,42.1510148,2,Capomulin,Female,19,21
v923,45,40.65812366,2,Capomulin,Female,19,21
w914,0,45.0,0,Capomulin,Male,24,21
w914,5,45.89372032,0,Capomulin,Male,24,21
w914,10,43.23196275,0,Capomulin,Male,24,21
w914,15,43.68844893,0,Capomulin,Male,24,21
w914,20,41.10809233,0,Capomulin,Male,24,21
w914,25,40.29191661,0,Capomulin,Male,24,21
w914,30,40.99311013,0,Capomulin,Male,24,21
w914,35,41.66491577,1,Capomulin,Male,24,21
w914,40,35.61130861,2,Capomulin,Male,24,21
w914,45,36.04104736,2,Capomulin,Male,24,21
i738,0,45.0,0,Capomulin,Female,23,20
i738,5,45.59568527,0,Capomulin,Female,23,20
i738,10,43.42101414,0,Capomulin,Female,23,20
i738,15,37.97877782,0,Capomulin,Female,23,20
i738,20,38.53113634,0,Capomulin,Female,23,20
i738,25,34.97343761,0,Capomulin,Female,23,20
i738,30,35.57877987,1,Capomulin,Female,23,20
i738,35,36.17595269,1,Capomulin,Female,23,20
i738,40,36.84389799,2,Capomulin,Female,23,20
i738,45,37.31184577,2,Capomulin,Female,23,20
r944,0,45.0,0,Capomulin,Male,12,25
r944,5,45.73714484,0,Capomulin,Male,12,25
r944,10,46.54429202,0,Capomulin,Male,12,25
r944,15,47.37342325,0,Capomulin,Male,12,25
r944,20,43.22567119,1,Capomulin,Male,12,25
r944,25,41.08699106,1,Capomulin,Male,12,25
r944,30,41.68079111,1,Capomulin,Male,12,25
r944,35,40.40176542,2,Capomulin,Male,12,25
r944,40,41.0420449,2,Capomulin,Male,12,25
r944,45,41.58152074,2,Capomulin,Male,12,25
y793,0,45.0,0,Capomulin,Male,17,17
y793,5,41.01991315,0,Capomulin,Male,17,17
y793,10,41.63001026,1,Capomulin,Male,17,17
y793,15,42.28366512,1,Capomulin,Male,17,17
y793,20,40.71642815,2,Capomulin,Male,17,17
y793,25,38.9927339,2,Capomulin,Male,17,17
y793,30,35.72602314,2,Capomulin,Male,17,17
y793,35,36.3278696,2,Capomulin,Male,17,17
y793,40,31.47541076,2,Capomulin,Male,17,17
y793,45,31.8962384,2,Capomulin,Male,17,17
g316,0,45.0,0,Capomulin,Female,22,22
g316,5,44.02275246,0,Capomulin,Female,22,22
g316,10,44.50204246,0,Capomulin,Female,22,22
g316,15,45.21674299,0,Capomulin,Female,22,22
g316,20,45.93332219,1,Capomulin,Female,22,22
g316,25,46.80922469,1,Capomulin,Female,22,22
g316,30,44.22147988,2,Capomulin,Female,22,22
g316,35,44.70283296,2,Capomulin,Female,22,22
g316,40,45.56582103,2,Capomulin,Female,22,22
g316,45,40.1592203,2,Capomulin,Female,22,22
g288,0,45.0,0,Capomulin,Male,3,19
g288,5,45.83939976,0,Capomulin,Male,3,19
g288,10,46.30400254,1,Capomulin,Male,3,19
g288,15,42.17230079,1,Capomulin,Male,3,19
g288,20,42.95712001,1,Capomulin,Male,3,19
g288,25,42.36869239,1,Capomulin,Male,3,19
g288,30,42.87446056,1,Capomulin,Male,3,19
g288,35,38.95411458,1,Capomulin,Male,3,19
g288,40,36.35685121,1,Capomulin,Male,3,19
g288,45,37.07402422,1,Capomulin,Male,3,19
l897,0,45.0,0,Capomulin,Male,17,19
l897,5,45.46224327,0,Capomulin,Male,17,19
l897,10,46.15473721,0,Capomulin,Male,17,19
l897,15,44.0615214,0,Capomulin,Male,17,19
l897,20,44.81309343,0,Capomulin,Male,17,19
l897,25,45.35467916,0,Capomulin,Male,17,19
l897,30,39.35279201,1,Capomulin,Male,17,19
l897,35,37.68276664,1,Capomulin,Male,17,19
l897,40,38.34390154,1,Capomulin,Male,17,19
l897,45,38.84687569,1,Capomulin,Male,17,19
w150,0,45.0,0,Capomulin,Male,23,23
w150,5,39.20212894,0,Capomulin,Male,23,23
w150,10,39.95234669,0,Capomulin,Male,23,23
t565,0,45.0,0,Capomulin,Female,20,17
t565,5,45.8956472,0,Capomulin,Female,20,17
t565,10,46.74900552,0,Capomulin,Female,20,17
t565,15,44.44094861,0,Capomulin,Female,20,17
t565,20,39.0702138,0,Capomulin,Female,20,17
t565,25,37.34220976,0,Capomulin,Female,20,17
t565,30,32.86891617,0,Capomulin,Female,20,17
t565,35,33.51567063,0,Capomulin,Female,20,17
t565,40,33.94934131,0,Capomulin,Female,20,17
t565,45,34.45529799,0,Capomulin,Female,20,17
i557,0,45.0,0,Capomulin,Female,1,24
i557,5,42.2616653,0,Capomulin,Female,1,24
i557,10,42.99207658,0,Capomulin,Female,1,24
i557,15,43.5298757,0,Capomulin,Female,1,24
i557,20,43.96789516,0,Capomulin,Female,1,24
i557,25,44.59621854,0,Capomulin,Female,1,24
i557,30,45.26138381,0,Capomulin,Female,1,24
i557,35,45.94194901,0,Capomulin,Female,1,24
i557,40,46.82106972,1,Capomulin,Female,1,24
i557,45,47.68596303,1,Capomulin,Female,1,24
m957,0,45.0,0,Capomulin,Female,3,19
m957,5,45.62238149,1,Capomulin,Female,3,19
m957,10,46.4145177,1,Capomulin,Female,3,19
m957,15,39.80445341,1,Capomulin,Female,3,19
m957,20,38.90934919,1,Capomulin,Female,3,19
m957,25,37.69543154,1,Capomulin,Female,3,19
m957,30,38.21247939,1,Capomulin,Female,3,19
m957,35,32.56283914,1,Capomulin,Female,3,19
m957,40,32.94761484,1,Capomulin,Female,3,19
m957,45,33.32909778,1,Capomulin,Female,3,19
f966,0,45.0,0,Capomulin,Male,16,17
f966,5,38.79647373,0,Capomulin,Male,16,17
f966,10,35.6244027,0,Capomulin,Male,16,17
f966,15,32.62300253,0,Capomulin,Male,16,17
f966,20,30.48598484,0,Capomulin,Male,16,17
m601,0,45.0,0,Capomulin,Male,22,17
m601,5,41.40859145,1,Capomulin,Male,22,17
m601,10,36.82536664,1,Capomulin,Male,22,17
m601,15,35.46461175,1,Capomulin,Male,22,17
m601,20,34.2557317,1,Capomulin,Male,22,17
m601,25,33.11875607,1,Capomulin,Male,22,17
m601,30,31.75827491,1,Capomulin,Male,22,17
m601,35,30.83435704,1,Capomulin,Male,22,17
m601,40,31.3780453,1,Capomulin,Male,22,17
m601,45,28.43096411,1,Capomulin,Male,22,17
